sex.lab,Disabled,Not disabled
Female,0.0129544977600161,0.987045502239984
Male,0.0155383729655662,0.984461627034434
Total,0.0142208703496458,0.985779129650354
