variable,Higher,No education or preschool,Primary,Secondary
Disabled,0.522452921294061,0.339872023497325,0.437893789378938,0.493003731343284
Not disabled,0.596368864121413,0.460688713908433,0.491543669323171,0.548254772107519
