variable,Female,Male,Total
Disabled,0.0602549654880969,0.60684831083145,0.352962345012595
Not disabled,0.0854341684908004,0.839216073860692,0.454373408209386
