No education or preschool,Primary,Secondary,Higher
0.32546468401487,0.408256184550008,0.417142857142857,0.477957223919686
0.460787457091931,0.443503905744799,0.395848079252856,0.519440665231694
