year,Major_Inclusion_Employment,Major_Inclusion_Not employment,Major_Not inclusion_Employment,Major_Not inclusion_Not employment,Minor_Inclusion_Employment,Minor_Inclusion_Not employment,Minor_Not inclusion_Employment,Minor_Not inclusion_Not employment,None_Not inclusion_Not employment
2012,8.211224339,35.55250436,5.53963911,132.6463669041,6.520549899,52.667403442,38.22936041,712.0747988219,134977.579220635
2013,8.493587744,43.986678479,5.98263817,219.18974692342,5.8160838493,74.004927292,63.44717679,895.13724209186,150691.906475081
2014,5.38767437,46.92010712879,4.70665803,242.481812839475,10.80699705,58.404703348,39.822044472,723.137504346469,149381.235384045
2015,5.24574443,56.792744886,83.838998693,392.23563565896,8.804403112,77.15918550215,15.305540557,627.8838185497,175395.541557908
2016,4.84506165,53.9674449309,5.00554311,192.718815928,19.183758081,74.889527372,21.08887004,444.9880431597,182531.812984628
2017,4.61689902,100.0969577798,3.388409218,452.435274541,24.425623016,139.2447659386,40.942648969,315.1777251287,187708.97289272
