year,Major_Inclusion_Employment,Major_Inclusion_Not employment,Major_Not inclusion_Employment,Major_Not inclusion_Not employment,Minor_Inclusion_Employment,Minor_Inclusion_Not employment,Minor_Not inclusion_Employment,Minor_Not inclusion_Not employment,None_Not inclusion_Not employment
2012,8.159943639,35.32260596,5.70362918,140.7185936331,5.678443599,48.513071742,28.00926404,367.6157075129,135329.299808615
2013,8.493587744,44.445605779,6.16017332,134.10236013542,5.8160838493,67.133194831,51.61212999,502.40116910686,151187.800251665
2014,5.37244817,47.08764622879,4.67422593,147.201592349475,10.82222325,56.564518748,27.415087238,415.270744468469,149798.494399247
2015,5.21924213,57.249393646,3.381717493,251.92504500896,8.945183412,72.38541429215,12.108636681,285.6741448297,175965.918851804
2016,4.7942342,54.0362305309,5.01283498,162.235395072,19.234585531,74.244495312,16.40507677,297.6184087057,182714.918787798
2017,4.55091902,54.9937273798,3.391082828,211.881144431,24.491603016,138.6074289386,36.573832979,296.5223276587,188018.28913008
