year,total,major,minor,none,total.inclusive,major.inclusive,minor.inclusive,total.share,major.share,minor.share,total.inclusive.share,major.inclusive.share,minor.inclusive.share
2012,991.441847286,181.9497347131,809.4921125729,134977.579220635,102.95168204,43.763728699,59.187953341,0.00729167452629334,0.00133817051328339,0.00595350401300995,0.000757170135016067,0.000321865439313111,0.000435304695702956
2013,1227.02674433958,187.70276131642,1039.32398302316,150780.937812081,132.3012773643,52.480266223,79.8210111413,0.0080721214044291,0.00123482188492006,0.00683729951950904,0.000870357535214506,0.000345246818981785,0.000525110716232721
2014,1013.04380158473,180.872552368265,832.171249216469,149499.859084045,121.51948189679,52.30778149879,69.211700398,0.00673061101183143,0.00120170795261124,0.00552890305922019,0.00080736919936445,0.000347530214991184,0.000459838984373267
2015,1026.61642938881,297.32046626796,729.29596312085,175636.191199908,148.11635593015,62.038489316,86.07786661415,0.00581116332953923,0.00168298279789512,0.00412818053164411,0.000838412781489088,0.000351168931075632,0.000487243850413456
2016,762.2106289716,202.0572568189,560.1533721527,182586.289419928,152.8083267339,58.7350412809,94.073285453,0.00415716860933314,0.00110203932273791,0.00305512928659523,0.00083343101630581,0.000320346450967612,0.000513084565338198
2017,798.6123436111,278.8190442088,519.7932994023,187990.68885272,223.0638857544,59.3934967998,163.6703889546,0.0042301779738068,0.0014768794759129,0.00275329849789391,0.0011815494010565,0.000314602026827959,0.000866947374228537
