"SEX","disabled","not disabled","na"
"MALE",0.0191489361702128,2.30502901353965,0.018568665377176
"FEMALE",0.0128184585803557,2.43342413074828,0.0227527639801314
