"","employed","disabled","not.disabled"
"1",NA,0,0
"2","employed",0.340425531914894,0.681261728174426
"3","unemployed",0.659574468085106,0.318738271825574
