"SEX","disabled","not disabled","na"
"MALE",0.00877471555971515,0.978706063587572,0.0125192208527131
"FEMALE",0.00570106942347792,0.979874589592027,0.0144243409844947
"TOTAL",0.00714706844556162,0.979324855697874,0.0135280758565641
