"SEX","disabled","not.disabled"
"MALE",0.34,0.737724314730822
"FEMALE",0.340909090909091,0.634477124183007
"TOTAL",0.340425531914894,0.681261728174426
