"SEX","DO YOU HAVE DIFFICULTY SEEING, EVEN IF YOU ARE WEARING GLASSES?","DO YOU HAVE DIFFICULTY HEARING, EVEN IF YOU ARE WEARING A HEARING AID?","DO YOU HAVE DIFFICULTY WALKING OR CLIMBING STEPS?","DO YOU HAVE DIFFICULTY REMEMBERING OR CONCENTRATING?","DO YOU HAVE DIFFICULTY WITH SELF CARE?","USING OUR USUAL LANGUAGE, DO YOU HAVE DIFFICULTY COMMUNICATING?"
"MALE",0.202171767359042,0.582004229751017,0.275522290475467,0.186195781996839,0.311503729453726,0.193968440755818
"FEMALE",0.333811316940576,0.337078394066333,0.388842499500015,0.151264909765333,0,0.438471821391168
"TOTAL",0.255636168466404,0.51978847318104,0.326433696601372,0.172032344568277,0.242819561595636,0.278356667354039
