"","working.age","SEX","disabled","not disabled","na"
"1","No","MALE",0.0278438838648263,0.958234174202761,0.0139219419324131
"2","No","FEMALE",0.0289393335988318,0.95433426257799,0.016726403823178
"3","Yes","MALE",0.00966183574879227,0.981449275362319,0.00888888888888889
"4","Yes","FEMALE",0.00703887378019517,0.981282994720845,0.0116781314989602
