"SEX","DO YOU HAVE DIFFICULTY SEEING, EVEN IF YOU ARE WEARING GLASSES?","DO YOU HAVE DIFFICULTY HEARING, EVEN IF YOU ARE WEARING A HEARING AID?","DO YOU HAVE DIFFICULTY WALKING OR CLIMBING STEPS?","DO YOU HAVE DIFFICULTY REMEMBERING OR CONCENTRATING?","DO YOU HAVE DIFFICULTY WITH SELF CARE?","USING OUR USUAL LANGUAGE, DO YOU HAVE DIFFICULTY COMMUNICATING?"
"MALE",0.00197571989304644,0.00184619074445842,0.00419521025957748,0.00161924352548648,0.00162933521848737,0.00253120969709223
"FEMALE",0.00120040863551464,0.000558498739324758,0.00304039996347192,0.000981082950438232,0.000409440842306215,0.00118518267735528
"TOTAL",0.00156515437087568,0.0011642943636863,0.0035836812928266,0.00128130604917848,0.000983341023659822,0.00181842205103953
