"SEX","disabled","not disabled","na"
"MALE",0.00926380402056719,0.979496847339007,0.0112393486404261
"FEMALE",0.00583656131174084,0.980024761415956,0.0141386772723032
"TOTAL",0.00739962173579271,0.979783995975314,0.0128163822888938
