"SEX","disabled","not.disabled"
"MALE",0.307745886741503,0.64361963859455
"FEMALE",0.385496692296701,0.569621112250218
"TOTAL",0.340588648634936,0.604411775287432
