"SEX","disabled","not.disabled"
"MALE",0.330872011409943,0.73530643406459
"FEMALE",0.38112414770836,0.632805720407039
"TOTAL",0.352431853570575,0.679539455908871
