"","variable","impaired","not impaired","na"
"1","DO YOU HAVE DIFFICULTY SEEING, EVEN IF YOU ARE WEARING GLASSES?",0.001662874146683,0.990547873271486,0.00778925258183091
"2","DO YOU HAVE DIFFICULTY HEARING, EVEN IF YOU ARE WEARING A HEARING AID?",0.00105023630316821,0.991335550498862,0.00761421319796954
"3","DO YOU HAVE DIFFICULTY WALKING OR CLIMBING STEPS?",0.00463854367232627,0.987134605286189,0.00822685104148433
"4","DO YOU HAVE DIFFICULTY REMEMBERING OR CONCENTRATING?",0.00140031507089095,0.991248030806932,0.00735165412217749
"5","DO YOU HAVE DIFFICULTY WITH SELF CARE?",0.0011377559950989,0.990810432347278,0.00805181165762297
"6","USING OUR USUAL LANGUAGE, DO YOU HAVE DIFFICULTY COMMUNICATING?",0.001662874146683,0.990635392963417,0.00770173288990023
