"SEX","disabled","not disabled","na"
"MALE",0.0110239715892276,0.850547499260136,0.138428529150636
"FEMALE",0.00991398162997521,0.857923895611605,0.13216212275842
"TOTAL",0.0104648601013439,0.854263053536021,0.135272086362635
