"SEX","DO YOU HAVE DIFFICULTY SEEING, EVEN IF YOU ARE WEARING GLASSES?","DO YOU HAVE DIFFICULTY HEARING, EVEN IF YOU ARE WEARING A HEARING AID?","DO YOU HAVE DIFFICULTY WALKING OR CLIMBING STEPS?","DO YOU HAVE DIFFICULTY REMEMBERING OR CONCENTRATING?","DO YOU HAVE DIFFICULTY WITH SELF CARE?","USING OUR USUAL LANGUAGE, DO YOU HAVE DIFFICULTY COMMUNICATING?"
"MALE",0.00193423597678917,0.00154738878143133,0.00522243713733075,0.00193423597678917,0.00193423597678917,0.00212765957446809
"FEMALE",0.00144207659029002,0.000640922929017786,0.00416599903861561,0.000961384393526678,0.000480692196763339,0.00128184585803557
"TOTAL",0.00166506002979581,0.00105161686092367,0.00464464113574621,0.00140215581456489,0.00113925159933398,0.00166506002979581
