"SEX","DO YOU HAVE DIFFICULTY SEEING, EVEN IF YOU ARE WEARING GLASSES?","DO YOU HAVE DIFFICULTY HEARING, EVEN IF YOU ARE WEARING A HEARING AID?","DO YOU HAVE DIFFICULTY WALKING OR CLIMBING STEPS?","DO YOU HAVE DIFFICULTY REMEMBERING OR CONCENTRATING?","DO YOU HAVE DIFFICULTY WITH SELF CARE?","USING OUR USUAL LANGUAGE, DO YOU HAVE DIFFICULTY COMMUNICATING?"
"MALE",0.00169146125011192,0.00184216732731633,0.00505881647200287,0.00154219438044862,0.00201827276156125,0.00228579640673885
"FEMALE",0.00109853445958623,0.000541724081884905,0.00322263893054324,0.00114697720364118,0.000478674420093734,0.00130500886833764
"TOTAL",0.00136895020757047,0.00113481641392915,0.00406006326562083,0.00132722365259628,0.00118083806618925,0.0017523160233664
