"","employment","disabled","not.disabled"
"1",NA,0,0
"2","employed 3rd party",0.0319148936170213,0.11500312751318
"3","employed household farm",0.170212765957447,0.213475113930837
"4","self employed",0.138297872340426,0.352783486730408
"5","unemployed",0.659574468085106,0.318738271825574
