"SEX","DO YOU HAVE DIFFICULTY SEEING, EVEN IF YOU ARE WEARING GLASSES?","DO YOU HAVE DIFFICULTY HEARING, EVEN IF YOU ARE WEARING A HEARING AID?","DO YOU HAVE DIFFICULTY WALKING OR CLIMBING STEPS?","DO YOU HAVE DIFFICULTY REMEMBERING OR CONCENTRATING?","DO YOU HAVE DIFFICULTY WITH SELF CARE?","USING OUR USUAL LANGUAGE, DO YOU HAVE DIFFICULTY COMMUNICATING?"
"MALE",0.211032866667836,0.645411395732936,0.255783576388096,0.242165518825462,0.311503729453726,0.203932875428743
"FEMALE",0.426447468086501,0.200984348552786,0.381372381429373,0.151264909765333,0,0.40379935029213
"TOTAL",0.305058157592701,0.530013861144668,0.310005296619768,0.199436690693277,0.242819561595636,0.284895485193664
