"SEX","disabled","not disabled","na"
"MALE",0.00967117988394584,0.980851063829787,0.00947775628626692
"FEMALE",0.00705015221919564,0.980612081397212,0.0123377663835924
"TOTAL",0.00823766541056875,0.980720357549733,0.0110419770396985
