"","employed","SEX","disabled","not disabled","na"
"1",NA,"MALE",0,0,1
"2","employed","MALE",0.0045021186440678,0.99073093220339,0.00476694915254237
"3","unemployed","MALE",0.0241051862673484,0.971512052593134,0.0043827611395179
"4",NA,"FEMALE",0,0,1
"5","employed","FEMALE",0.0038265306122449,0.990561224489796,0.00561224489795918
"6","unemployed","FEMALE",0.0127025843188787,0.979851073149365,0.00744634253175646
