employment,Sex,Disabled,Not disabled
employed,Overall,0.32113333034309,0.421049535477121
employed,Female,0.255906057930554,0.342337322023982
employed,Male,0.394456570550488,0.50843091739138
