employment,Sex.chr,Disabled,Not disabled
employed,Overall,0.755244755244755,0.860870640613406
employed,Male,0.727272727272727,0.874249934776937
employed,Female,0.779220779220779,0.848812602868564
