Sex,Disabled,Not disabled
Overall,0.0536459363028825,0.946354063697117
Female,0.0537946573197481,0.946205342680252
Male,0.0534279262844862,0.946572073715514
