Sex,Seeing,Hearing,Walking,Remembering,Self care,Communication
Overall,0.0115115404639324,0.00485914270839359,0.0109909180308903,0.00809857118065598,0.00358651009429051,0.00537976514143576
Male,0.00992255566311714,0.00484027105517909,0.0100435624394966,0.00847047434656341,0.00350919651500484,0.005324298160697
Female,0.0129668624625956,0.00487642690901031,0.0118585836196387,0.00775795190069822,0.00365732018175773,0.00543056633048875
