employment,Sex,Seeing,Hearing,Walking,Remembering,Self care,Communication
employed,Overall,0.416372246231869,0.13773434316373,0.376449801203019,0.21141855198705,0.0604766869686908,0.118429876640239
employed,Female,0.386063318484585,0.0883784489128825,0.268181210978858,0.203981445899096,0,0.0132591213937046
employed,Male,0.460234615617592,0.207014133939513,0.497450867725769,0.217992933429272,0.119729133113791,0.21176800810597
