Sex,Disabled,Not disabled
Overall,0.0321050500376005,0.967894949962399
Male,0.0307357212003872,0.969264278799613
Female,0.0333591931730023,0.966640806826998
