Region.chr,Disabled,Seeing,Hearing,Walking,Remembering,Self care,Communication
Central,0.0287211740041929,0.0119496855345912,0.00314465408805031,0.010062893081761,0.00649895178197065,0.00377358490566038,0.00440251572327044
Eastern,0.0399582136328023,0.0130582397492818,0.00548446069469835,0.0146252285191956,0.0104465917994254,0.00417863671977018,0.00626795507965526
Northern,0.0268151815181518,0.010519801980198,0.00412541254125413,0.00928217821782178,0.00453795379537954,0.00185643564356436,0.00350660066006601
Western,0.03515625,0.0106770833333333,0.00729166666666667,0.0106770833333333,0.0122395833333333,0.00494791666666667,0.00807291666666667
