employment,Sex,Disabled,Not disabled
employed,Overall,0.344308386526842,0.50804867749008
employed,Female,0.403330149573435,0.506657913333176
employed,Male,0.257194555988419,0.510086607680743
