Sex,Disabled,Not disabled
Overall,0.0325661807292382,0.967433819270762
Male,0.0321291227880963,0.967870877211904
Female,0.0329666379729943,0.967033362027006
