Sex,Seeing,Hearing,Walking,Remembering,Self care,Communication
Overall,0.0150600014074634,0.00725342861256988,0.0207335091084838,0.0185307218981626,0.0108469885604298,0.0136901263986986
Female,0.0162760717050972,0.00927454600894068,0.021127518807629,0.0156857672412125,0.00802799447058191,0.013563287575303
Male,0.013277364941241,0.0042906742551143,0.0201559306090268,0.0227011386299059,0.0149793497178448,0.0138760593273768
